[
  {
    "code": "23001",
    "cost": 0,
    "deck_limit": 3,
    "faction_code": "anarch",
    "faction_cost": 2,
    "flavor": "<strong>Designed by 2017 European Champion Mike Sheehan</strong>",
    "illustrator": "Amelie Hutt",
    "pack_code": "mo",
    "position": 1,
    "quantity": 3,
    "side_code": "runner",
    "stripped_text": "Trash the top 3 cards of your stack. Shuffle 3 cards from your heap into your stack. Draw 1 card. Remove this event from the game instead of trashing it.",
    "stripped_title": "Labor Rights",
    "text": "Trash the top 3 cards of your stack. Shuffle 3 cards from your heap into your stack. Draw 1 card. Remove this event from the game instead of trashing it.",
    "title": "Labor Rights",
    "type_code": "event",
    "uniqueness": false
  },
  {
    "code": "23013",
    "cost": 0,
    "deck_limit": 3,
    "faction_code": "criminal",
    "faction_cost": 3,
    "flavor": "<strong>Designed by 2017 GenCon Champion Sam Suied</strong>",
    "illustrator": "Mariusz Siergiejew",
    "keywords": "Seedy - Virtual",
    "pack_code": "mo",
    "position": 2,
    "quantity": 3,
    "side_code": "runner",
    "stripped_text": "When you install this resource, load 3 credits onto it. When it is empty, trash it and draw 1 card. When your turn begins, take 1 credit from this resource. When your turn ends, if you made at least 3 successful runs this turn and this card is in your heap, you may install it, ignoring all costs.",
    "stripped_title": "Crowdfunding",
    "text": "When you install this resource, load 3[credit] onto it. When it is empty, trash it and draw 1 card.\nWhen your turn begins, take 1[credit] from this resource.\nWhen your turn ends, if you made at least 3 successful runs this turn and this card is in your heap, you may install it, ignoring all costs.",
    "title": "Crowdfunding",
    "type_code": "resource",
    "uniqueness": false
  },
  {
    "code": "23045",
    "cost": 3,
    "deck_limit": 3,
    "faction_code": "nbn",
    "faction_cost": 1,
    "flavor": "<strong>Designed by 2017 World Champion Jess Horig</strong>",
    "illustrator": "Ed Mattinian",
    "keywords": "Code Gate",
    "pack_code": "mo",
    "position": 3,
    "quantity": 3,
    "side_code": "corp",
    "strength": 5,
    "stripped_text": "When the Runner encounters this ice, they put the top card of the stack on the bottom, then you reveal the top 3 cards of the stack. Subroutine The Runner loses 3 credits. Subroutine If you revealed 2 or more cards that share a type when this encounter began, gain 3 credits. Subroutine If you revealed 3 or more cards that share a type when this encounter began, place 3 advancement tokens on an installed card.",
    "stripped_title": "Slot Machine",
    "text": "When the Runner encounters this ice, they put the top card of the stack on the bottom, then you reveal the top 3 cards of the stack.\n[subroutine] The Runner loses 3[credit].\n[subroutine] If you revealed 2 or more cards that share a type when this encounter began, gain 3[credit].\n[subroutine] If you revealed 3 or more cards that share a type when this encounter began, place 3 advancement tokens on an installed card.",
    "title": "Slot Machine",
    "type_code": "ice",
    "uniqueness": false
  },
  {
    "code": "23054",
    "cost": 4,
    "deck_limit": 3,
    "faction_code": "weyland-consortium",
    "faction_cost": 3,
    "flavor": "<strong>Designed by 2016 World Champion Chris Dyer</strong>",
    "illustrator": "Adam S. Doyle",
    "keywords": "Barrier",
    "pack_code": "mo",
    "position": 4,
    "quantity": 3,
    "side_code": "corp",
    "strength": 1,
    "stripped_text": "trash: End the run. Use this ability only during a run on this server. Subroutine Gain 1 credit for each piece of ice protecting this server. Subroutine End the run.",
    "stripped_title": "Border Control",
    "text": "[trash]: End the run. Use this ability only during a run on this server.\n[subroutine] Gain 1[credit] for each piece of ice protecting this server.\n[subroutine] End the run.",
    "title": "Border Control",
    "type_code": "ice",
    "uniqueness": false
  },
  {
    "advancement_cost": 4,
    "agenda_points": 2,
    "code": "23027",
    "deck_limit": 3,
    "faction_code": "neutral-corp",
    "faction_cost": 0,
    "flavor": "<strong>Designed by 2015 World Champion Dan D'Argenio</strong>",
    "illustrator": "Matt Zeilinger",
    "keywords": "Initiative",
    "pack_code": "mo",
    "position": 5,
    "quantity": 3,
    "side_code": "corp",
    "stripped_text": "When you score this agenda, place 1 agenda counter on it. Hosted agenda counter: Install 1 piece of ice from HQ or Archives in any position protecting a server, ignoring all costs.",
    "stripped_title": "Timely Public Release",
    "text": "When you score this agenda, place 1 agenda counter on it.\n<strong>Hosted agenda counter</strong>: Install 1 piece of ice from HQ or Archives in any position protecting a server, ignoring all costs.",
    "title": "Timely Public Release",
    "type_code": "agenda",
    "uniqueness": false
  },
  {
    "code": "23011",
    "cost": 2,
    "deck_limit": 3,
    "faction_code": "jinteki",
    "faction_cost": 1,
    "flavor": "<strong>Designed by 2016 GenCon Champion Dan D'Argenio</strong>",
    "illustrator": "Mariusz Siergiejew",
    "pack_code": "mo",
    "position": 6,
    "quantity": 3,
    "side_code": "corp",
    "stripped_text": "When your turn begins, you may pay 1 credit to place 1 power counter on this upgrade. Whenever the Runner makes a successful run, remove 1 power counter from this upgrade. Hosted power counter: End the run. Use this ability only during a run on this server.",
    "stripped_title": "Embolus",
    "text": "When your turn begins, you may pay 1[credit] to place 1 power counter on this upgrade.\nWhenever the Runner makes a successful run, remove 1 power counter from this upgrade.\n<strong>Hosted power counter</strong>: End the run. Use this ability only during a run on this server.",
    "title": "Embolus",
    "trash_cost": 2,
    "type_code": "upgrade",
    "uniqueness": true
  },
  {
    "code": "23100",
    "cost": 3,
    "deck_limit": 1,
    "faction_code": "neutral-runner",
    "faction_cost": 1,
    "flavor": "<strong>Designed by the Day 1A players at Magnum Opus</strong>",
    "illustrator": "Emilio Rodriguez",
    "keywords": "Orgcrime - Run - Terminal",
    "pack_code": "mo",
    "position": 7,
    "quantity": 1,
    "side_code": "runner",
    "stripped_text": "After you resolve this event, end your action phase. Make a run on a remote server. If successful, remove the first non-agenda card that you access from the game. Until the game ends, whenever you access a copy of that card, remove it from the game. Limit 1 per deck.",
    "stripped_title": "Watch the World Burn",
    "text": "After you resolve this event, end your action phase.\nMake a run on a remote server. If successful, remove the first non-agenda card that you access from the game.\nUntil the game ends, whenever you access a copy of that card, remove it from the game.\nLimit 1 per deck.",
    "title": "Watch the World Burn",
    "type_code": "event",
    "uniqueness": false
  },
  {
    "code": "23101",
    "cost": 1,
    "deck_limit": 1,
    "faction_code": "neutral-corp",
    "faction_cost": 1,
    "flavor": "<strong>Designed by the Day 1B players at Magnum Opus</strong>",
    "illustrator": "Matt Zeilinger",
    "keywords": "Orgcrime - Enforcer",
    "pack_code": "mo",
    "position": 8,
    "quantity": 1,
    "side_code": "corp",
    "stripped_text": "As an additional cost to run this server, the Runner must trash 1 agenda from their score area. Ignore this ability if the Runner made a successful run on HQ this turn. Limit 1 per deck.",
    "stripped_title": "Hired Help",
    "text": "As an additional cost to run this server, the Runner must trash 1 agenda from their score area. Ignore this ability if the Runner made a successful run on HQ this turn.\nLimit 1 per deck.",
    "title": "Hired Help",
    "trash_cost": 3,
    "type_code": "upgrade",
    "uniqueness": false
  }
]
