[
  {
    "code": "04001",
    "cost": 1,
    "deck_limit": 3,
    "faction_code": "anarch",
    "faction_cost": 2,
    "flavor": "\"Bioroid intrusion isn't impossible, despite the bluster of Haas-Bioroid. But it is dangerous.\" -Noise",
    "illustrator": "Gong Studios",
    "keywords": "Double",
    "pack_code": "om",
    "position": 1,
    "quantity": 3,
    "side_code": "runner",
    "stripped_text": "As an additional cost to play this event, spend click. Forfeit an agenda. If you do, give the Corp 1 bad publicity.",
    "stripped_title": "Frame Job",
    "text": "As an additional cost to play this event, spend [click].\nForfeit an agenda. If you do, give the Corp 1 bad publicity.",
    "title": "Frame Job",
    "type_code": "event",
    "uniqueness": false
  },
  {
    "code": "04002",
    "cost": 0,
    "deck_limit": 3,
    "faction_code": "anarch",
    "faction_cost": 1,
    "illustrator": "Liiga Smilshkalne",
    "keywords": "Caïssa - Trojan",
    "memory_cost": 0,
    "pack_code": "om",
    "position": 2,
    "quantity": 3,
    "side_code": "runner",
    "stripped_text": "click: Host this program on the outermost piece of ice protecting a central server. Whenever you make a successful run while this program is hosted on a piece of ice, host it on the next inward piece of ice. If you cannot, trash this program and install 1 other Caissa program from your grip or heap, ignoring all costs.",
    "stripped_title": "Pawn",
    "text": "[click]: Host this program on the outermost piece of ice protecting a central server.\nWhenever you make a successful run while this program is hosted on a piece of ice, host it on the next inward piece of ice. If you cannot, trash this program and install 1 other <strong>Caïssa</strong> program from your grip or heap, ignoring all costs.",
    "title": "Pawn",
    "type_code": "program",
    "uniqueness": false
  },
  {
    "code": "04003",
    "cost": 2,
    "deck_limit": 3,
    "faction_code": "anarch",
    "faction_cost": 2,
    "illustrator": "Gong Studios",
    "keywords": "Caïssa - Trojan",
    "memory_cost": 1,
    "pack_code": "om",
    "position": 3,
    "quantity": 3,
    "side_code": "runner",
    "stripped_text": "While this program is hosted on ice, the rez cost of each piece of ice protecting this server is increased by 2. click: Host this program on a piece of ice that is not hosting a Caissa program. If this program is hosted on ice, its click ability can only be used to host it on ice protecting the same server or in the same position as its current host ice. (Count positions from the innermost ice.)",
    "stripped_title": "Rook",
    "text": "While this program is hosted on ice, the rez cost of each piece of ice protecting this server is increased by 2.\n[click]: Host this program on a piece of ice that is not hosting a <strong>Caïssa</strong> program.\nIf this program is hosted on ice, its [click] ability can only be used to host it on ice protecting the same server or in the same position as its current host ice. <em>(Count positions from the innermost ice.)</em>",
    "title": "Rook",
    "type_code": "program",
    "uniqueness": false
  },
  {
    "code": "04004",
    "cost": 1,
    "deck_limit": 3,
    "faction_code": "criminal",
    "faction_cost": 2,
    "illustrator": "Matt Zeilinger",
    "keywords": "Double",
    "pack_code": "om",
    "position": 4,
    "quantity": 3,
    "side_code": "runner",
    "stripped_text": "As an additional cost to play this event, spend click. Search your stack for a connection, reveal it, and add it to your grip. You may install that connection (paying its install cost). Shuffle your stack.",
    "stripped_title": "Hostage",
    "text": "As an additional cost to play this event, spend [click].\nSearch your stack for a <strong>connection</strong>, reveal it, and add it to your grip. You may install that <strong>connection</strong> (paying its install cost). Shuffle your stack.",
    "title": "Hostage",
    "type_code": "event",
    "uniqueness": false
  },
  {
    "code": "04005",
    "cost": 1,
    "deck_limit": 3,
    "faction_code": "criminal",
    "faction_cost": 1,
    "flavor": "Simple in principle, a drip virus drains fractions of currency from their accounts into yours.",
    "illustrator": "Shawn Ye Zhongyi",
    "keywords": "Virus",
    "memory_cost": 1,
    "pack_code": "om",
    "position": 5,
    "quantity": 3,
    "side_code": "runner",
    "stripped_text": "Whenever the Corp spends a click to draw 1 card or gain 1 credit (not through a card ability), place 1 virus counter on Gorman Drip v1. click, trash: Gain 1 credit for each virus counter on Gorman Drip v1.",
    "stripped_title": "Gorman Drip v1",
    "text": "Whenever the Corp spends a [click] to draw 1 card or gain 1[credit] (not through a card ability), place 1 virus counter on Gorman Drip v1.\n[click], [trash]: Gain 1[credit] for each virus counter on Gorman Drip v1.",
    "title": "Gorman Drip v1",
    "type_code": "program",
    "uniqueness": false
  },
  {
    "code": "04006",
    "cost": 1,
    "deck_limit": 3,
    "faction_code": "shaper",
    "faction_cost": 3,
    "flavor": "\"I originally designed it for someone else, but it was so useful I decided to keep it for myself.\" -Kate \"Mac\" McCaffrey",
    "illustrator": "Gong Studios",
    "keywords": "Chip - Stealth",
    "pack_code": "om",
    "position": 6,
    "quantity": 3,
    "side_code": "runner",
    "stripped_text": "1 recurring credit Use this credit to pay for using decoders.",
    "stripped_title": "Lockpick",
    "text": "1[recurring-credit]\nUse this credit to pay for using <strong>decoders</strong>.",
    "title": "Lockpick",
    "type_code": "hardware",
    "uniqueness": false
  },
  {
    "code": "04007",
    "cost": 1,
    "deck_limit": 3,
    "faction_code": "shaper",
    "faction_cost": 2,
    "flavor": "\"What if this ice wants to be free?\" -Rielle \"Kit\" Peddler",
    "illustrator": "Anna Ignatieva",
    "memory_cost": 1,
    "pack_code": "om",
    "position": 7,
    "quantity": 3,
    "side_code": "runner",
    "stripped_text": "Whenever you pass a piece of unrezzed ice, you may trash False Echo. If you do, the Corp must rez that ice or add it to HQ.",
    "stripped_title": "False Echo",
    "text": "Whenever you pass a piece of unrezzed ice, you may trash False Echo. If you do, the Corp must rez that ice or add it to HQ.",
    "title": "False Echo",
    "type_code": "program",
    "uniqueness": false
  },
  {
    "code": "04008",
    "cost": 0,
    "deck_limit": 3,
    "faction_code": "shaper",
    "faction_cost": 1,
    "flavor": "Normal people-sane people-do not embark on a life of cybercrime. Who can say what motivates the deranged mind? An imagined slight, personal failings blamed on external forces, or the ever-popular lust for money? -Michael Muhama, Musings on Cybercrime",
    "illustrator": "JuanManuel Tumburus",
    "pack_code": "om",
    "position": 8,
    "quantity": 3,
    "side_code": "runner",
    "stripped_text": "When your turn begins, you may look at the top card of your stack.",
    "stripped_title": "Motivation",
    "text": "When your turn begins, you may look at the top card of your stack.",
    "title": "Motivation",
    "type_code": "resource",
    "uniqueness": false
  },
  {
    "code": "04009",
    "cost": 2,
    "deck_limit": 3,
    "faction_code": "neutral-runner",
    "faction_cost": 0,
    "flavor": "\"I've been logging online with babes all day. Don't worry, the connections are clean. I guarantee it.\"",
    "illustrator": "Zefanya Langkan Maega",
    "keywords": "Connection",
    "pack_code": "om",
    "position": 9,
    "quantity": 3,
    "side_code": "runner",
    "stripped_text": "The first time you make a successful run each turn, draw 1 card. The first time you make an unsuccessful run each turn, take 1 tag.",
    "stripped_title": "John Masanori",
    "text": "The first time you make a successful run each turn, draw 1 card.\nThe first time you make an unsuccessful run each turn, take 1 tag.",
    "title": "John Masanori",
    "type_code": "resource",
    "uniqueness": true
  },
  {
    "advancement_cost": 4,
    "agenda_points": 2,
    "code": "04010",
    "deck_limit": 3,
    "faction_code": "haas-bioroid",
    "flavor": "Who wants to start a war?",
    "illustrator": "Emilio Rodriguez",
    "keywords": "Security",
    "pack_code": "om",
    "position": 10,
    "quantity": 3,
    "side_code": "corp",
    "stripped_text": "When you score this agenda, the Runner trashes 1 of their installed cards for each hosted advancement counter past 4. If the Runner trashes at least 1 card this way, take 1 bad publicity.",
    "stripped_title": "Project Ares",
    "text": "When you score this agenda, the Runner trashes 1 of their installed cards for each hosted advancement counter past 4. If the Runner trashes at least 1 card this way, take 1 bad publicity.",
    "title": "Project Ares",
    "type_code": "agenda",
    "uniqueness": false
  },
  {
    "code": "04011",
    "cost": 2,
    "deck_limit": 3,
    "faction_code": "haas-bioroid",
    "faction_cost": 2,
    "flavor": "NEXT Design's ice provides the discerning business with a suite of ice that creates a daunting security presence for intruders.",
    "illustrator": "Ed Mattinian",
    "keywords": "Code Gate - NEXT",
    "pack_code": "om",
    "position": 11,
    "quantity": 3,
    "side_code": "corp",
    "strength": 0,
    "stripped_text": "NEXT Bronze has +1 strength for each rezzed piece of NEXT ice. Subroutine End the run.",
    "stripped_title": "NEXT Bronze",
    "text": "NEXT Bronze has +1 strength for each rezzed piece of <strong>NEXT</strong> ice.\n[subroutine] End the run.",
    "title": "NEXT Bronze",
    "type_code": "ice",
    "uniqueness": false
  },
  {
    "code": "04012",
    "cost": 3,
    "deck_limit": 3,
    "faction_code": "jinteki",
    "faction_cost": 3,
    "flavor": "When Miranda Rhapsody showed up with a teacup giraffe, suddenly everybody wanted one.",
    "illustrator": "Matt Zeilinger",
    "keywords": "Double",
    "pack_code": "om",
    "position": 12,
    "quantity": 3,
    "side_code": "corp",
    "stripped_text": "As an additional cost to play this operation, spend click. Reveal up to 5 cards in HQ. Gain 2 credits for each card you revealed this way.",
    "stripped_title": "Celebrity Gift",
    "text": "As an additional cost to play this operation, spend [click].\nReveal up to 5 cards in HQ. Gain 2[credit] for each card you revealed this way.",
    "title": "Celebrity Gift",
    "type_code": "operation",
    "uniqueness": false
  },
  {
    "code": "04013",
    "cost": 2,
    "deck_limit": 3,
    "faction_code": "jinteki",
    "faction_cost": 2,
    "flavor": "Himitsu-Bako is a simple ice barrier that appears as a digital puzzle box. What makes it special is the ease with which it can be uninstalled and installed in a different server, throwing up barriers in unexpected places and giving any intruder a curious feeling of déjà vu.",
    "illustrator": "Andrew Mar",
    "keywords": "Barrier",
    "pack_code": "om",
    "position": 13,
    "quantity": 3,
    "side_code": "corp",
    "strength": 2,
    "stripped_text": "1 credit: Add Himitsu-Bako to HQ. Subroutine End the run.",
    "stripped_title": "Himitsu-Bako",
    "text": "1[credit]: Add Himitsu-Bako to HQ.\n[subroutine] End the run.",
    "title": "Himitsu-Bako",
    "type_code": "ice",
    "uniqueness": false
  },
  {
    "advancement_cost": 4,
    "agenda_points": 2,
    "code": "04014",
    "deck_limit": 3,
    "faction_code": "nbn",
    "flavor": "\"The thing about journalism is there's always a better story around the corner. Soon, they smelled blood elsewhere, and the world forgot about me. But I didn't forget.\" -The Professor",
    "illustrator": "Mike Nesbitt",
    "keywords": "Security",
    "pack_code": "om",
    "position": 14,
    "quantity": 3,
    "side_code": "corp",
    "stripped_text": "When you score Character Assassination, trash 1 resource (cannot be prevented).",
    "stripped_title": "Character Assassination",
    "text": "When you score Character Assassination, trash 1 resource (cannot be prevented).",
    "title": "Character Assassination",
    "type_code": "agenda",
    "uniqueness": false
  },
  {
    "code": "04015",
    "cost": 0,
    "deck_limit": 3,
    "faction_code": "nbn",
    "faction_cost": 1,
    "flavor": "\"It is my job to ensure our creations are the perfect companions and edutainment for tomorrow's consumers.\"",
    "illustrator": "JuanManuel Tumburus",
    "keywords": "Executive",
    "pack_code": "om",
    "position": 15,
    "quantity": 3,
    "side_code": "corp",
    "stripped_text": "click: Draw 2 cards. Remove Jackson Howard from the game: Shuffle up to 3 cards from Archives into R&D.",
    "stripped_title": "Jackson Howard",
    "text": "[click]: Draw 2 cards.\n<strong>Remove Jackson Howard from the game:</strong> Shuffle up to 3 cards from Archives into R&D.",
    "title": "Jackson Howard",
    "trash_cost": 3,
    "type_code": "asset",
    "uniqueness": true
  },
  {
    "code": "04016",
    "cost": 2,
    "deck_limit": 3,
    "faction_code": "nbn",
    "faction_cost": 3,
    "illustrator": "Del Borovic",
    "keywords": "Double - Gray Ops",
    "pack_code": "om",
    "position": 16,
    "quantity": 3,
    "side_code": "corp",
    "stripped_text": "As additional cost to play this operation, spend click. Trace[2]. If successful, reveal the grip. Trash up to X resources and/or events revealed this way, where X is equal to the amount by which your trace strength exceeded the Runner's link strength. If unsuccessful, take 1 bad publicity.",
    "stripped_title": "Invasion of Privacy",
    "text": "As additional cost to play this operation, spend [click].\nTrace[2]. If successful, reveal the grip. Trash up to X resources and/or events revealed this way, where X is equal to the amount by which your trace strength exceeded the Runner's link strength. If unsuccessful, take 1 bad publicity.",
    "title": "Invasion of Privacy",
    "type_code": "operation",
    "uniqueness": false
  },
  {
    "advancement_cost": 4,
    "agenda_points": 2,
    "code": "04017",
    "deck_limit": 3,
    "faction_code": "weyland-consortium",
    "flavor": "Pumping water into deep sea thermal vents produced huge amounts of energy. A profitable side effect.",
    "illustrator": "Mike Nesbitt",
    "keywords": "Expansion",
    "pack_code": "om",
    "position": 17,
    "quantity": 3,
    "side_code": "corp",
    "stripped_text": "Place 2 agenda counters on Geothermal Fracking when you score it. click, hosted agenda counter: Gain 7 credits and take 1 bad publicity.",
    "stripped_title": "Geothermal Fracking",
    "text": "Place 2 agenda counters on Geothermal Fracking when you score it.\n[click], <strong>hosted agenda counter:</strong> Gain 7[credit] and take 1 bad publicity.",
    "title": "Geothermal Fracking",
    "type_code": "agenda",
    "uniqueness": false
  },
  {
    "code": "04018",
    "cost": 8,
    "deck_limit": 3,
    "faction_code": "weyland-consortium",
    "faction_cost": 4,
    "illustrator": "Ed Mattinian",
    "keywords": "Sentry - Destroyer - Illicit",
    "pack_code": "om",
    "position": 18,
    "quantity": 3,
    "side_code": "corp",
    "strength": 5,
    "stripped_text": "When you rez Swarm, take 1 bad publicity. Swarm can be advanced and gains \"Subroutine Trash 1 program unless the Runner pays 3 credits.\" for each advancement token on it.",
    "stripped_title": "Swarm",
    "text": "When you rez Swarm, take 1 bad publicity.\nSwarm can be advanced and gains \"[subroutine] Trash 1 program unless the Runner pays 3[credit].\" for each advancement token on it.",
    "title": "Swarm",
    "type_code": "ice",
    "uniqueness": false
  },
  {
    "code": "04019",
    "cost": 0,
    "deck_limit": 3,
    "faction_code": "neutral-corp",
    "faction_cost": 0,
    "flavor": "Your free trial expired. Upgrade to the full version?",
    "illustrator": "J. Zhang",
    "pack_code": "om",
    "position": 19,
    "quantity": 3,
    "side_code": "corp",
    "stripped_text": "Purge virus counters.",
    "stripped_title": "Cyberdex Trial",
    "text": "Purge virus counters.",
    "title": "Cyberdex Trial",
    "type_code": "operation",
    "uniqueness": false
  },
  {
    "code": "04020",
    "cost": 5,
    "deck_limit": 3,
    "faction_code": "neutral-corp",
    "faction_cost": 0,
    "flavor": "\"The Grim of legend was one of many so-called 'black dog' myths common to Gaelic and English-speaking communities. What's fascinating is that it has propagated to the network, where it lives on as a program that, or so the story goes, hunts for the unwary.\" -The Professor",
    "illustrator": "Liiga Smilshkalne",
    "keywords": "Sentry - Destroyer - Illicit",
    "pack_code": "om",
    "position": 20,
    "quantity": 3,
    "side_code": "corp",
    "strength": 5,
    "stripped_text": "When you rez Grim, take 1 bad publicity. Subroutine Trash 1 program.",
    "stripped_title": "Grim",
    "text": "When you rez Grim, take 1 bad publicity.\n[subroutine] Trash 1 program.",
    "title": "Grim",
    "type_code": "ice",
    "uniqueness": false
  }
]
